{"cameraMode":{"drawMode":0,"name":"Shaded","section":"Shading Mode"},"sceneLighting":true,"audioPlay":false,"sceneViewState":{"m_AlwaysRefresh":false,"showFog":true,"showSkybox":true,"showFlares":true,"showImageEffects":true,"showParticleSystems":true,"showVisualEffectGraphs":true,"m_FxEnabled":true},"in2DMode":false,"pivot":{"x":0.7794836163520813,"y":0.907685399055481,"z":2.6538188457489015},"rotation":{"x":0.12790292501449586,"y":-0.3923642337322235,"z":0.05536573380231857,"w":0.9093202948570252},"size":0.4642426073551178,"orthographic":false}