{"cameraMode":{"drawMode":0,"name":"Shaded","section":"Shading Mode"},"sceneLighting":false,"audioPlay":false,"sceneViewState":{"m_AlwaysRefresh":false,"showFog":true,"showSkybox":false,"showFlares":true,"showImageEffects":true,"showParticleSystems":true,"showVisualEffectGraphs":true,"m_FxEnabled":true},"in2DMode":false,"pivot":{"x":-0.28639817237854006,"y":0.008478343486785889,"z":0.5943129658699036},"rotation":{"x":0.101231649518013,"y":0.305794358253479,"z":-0.0327581986784935,"w":0.9461782574653626},"size":0.19033893942832948,"orthographic":false}